Time,Rainfall,MaxTemperature,AverageTemperature,MinTemperature,Wind,Humidity,Cases
2011-w1,9.938571429,29.4444,25.88889,23.8889,11.39,86.24285714,5
2011-w2,8.587142857,30,26.70555556,24.44444444,7.32,88.02857143,4
2011-w3,5.338571429,30,26.61666667,25,7.55,84.02857143,2
2011-w4,5.41,30.55555556,26.48333333,20.55555556,10.67,80.97142857,7
2011-w5,2.914285714,28.33333333,25.28333333,18.65,11.01,74.88571429,2
2011-w6,3.44,31.11111111,27.53333333,25,3.69,85.27142857,5
2011-w7,1.444285714,30,27.06111111,25,6.69,82.1,6
2011-w8,0.7685714286,30.55555556,27.03333333,25,7.82,76.18571429,2
2011-w9,4.064285714,30.55555556,26.75,24.44444444,6.64,84.1,5
2011-w10,1.252857143,31.11111111,27.7,25.55555556,7.92,80.18571429,4
2011-w11,7.068571429,28.33333333,26.03888889,23.88888889,10.35,85.7,2
2011-w12,3.567142857,30.55555556,26.4,24.44444444,9.57,87.74285714,3
2011-w13,2.745714286,30,26.61666667,25,10.05,86.25714286,2
2011-w14,0.09285714286,30,27.44444444,25,8.25,76.32857143,4
2011-w15,1.008571429,31.11111111,26.89444444,22.77777778,7.93,80.64285714,5
2011-w16,0.8771428571,31.66666667,28.43333333,24.44444444,4.76,80.35714286,3
2011-w17,2.15,32.77777778,28.87222222,25.55555556,5.54,81.77142857,5
2011-w18,3.062857143,32.77777778,28.62777778,25,5.15,81.9,4
2011-w19,9.828571429,32.77777778,27.97222222,25,4.18,85.77142857,5
2011-w20,2.848571429,33.33333333,29.71111111,25.55555556,3.77,79.65714286,3
2011-w21,11.74142857,32.77777778,28.51111111,25,4.28,81.81428571,3
2011-w22,14.52857143,32.77777778,28.47222222,25.55555556,4.04,82.45714286,4
2011-w23,11.51714286,32.22222222,28.26111111,24.44444444,3.91,84.24285714,9
2011-w24,8.784285714,32.22222222,27.71111111,24.44444444,3.87,84.7,3
2011-w25,10.43714286,32.77777778,27.47777778,24.44444444,4.46,86.52857143,13
2011-w26,6.702857143,32.22222222,28.39444444,25,3.94,81.87142857,7
2011-w27,14.48,32.22222222,27.66666667,25,4.19,85.42857143,13
2011-w28,3.32,32.22222222,27.49444444,19.68333333,6.69,80.78571429,9
2011-w29,17.33714286,32.77777778,27.95555556,25,3.57,80.05714286,10
2011-w30,22.77,31.66666667,26.63888889,24.44444444,5.13,88.01428571,16
2011-w31,9.875714286,32.77777778,27.81111111,25,4.66,83.11428571,13
2011-w32,12.16,32.77777778,27.86666667,25,3.56,84.58571429,9
2011-w33,7.042857143,31.66666667,27.61111111,25,3.72,86.62857143,15
2011-w34,16.09428571,32.22222222,27.57222222,24.44444444,5.27,85.4,23
2011-w35,8.018571429,33.88888889,28.81111111,25,5.37,80.47142857,18
2011-w36,11.99714286,32.22222222,27.33888889,24.44444444,3.49,83.14285714,15
2011-w37,8.022857143,32.77777778,27.62777778,19.36666667,5.06,79.88571429,10
2011-w38,9.808571429,32.22222222,28.24444444,25.55555556,4.2,76.67142857,12
2011-w39,14.01571429,32.77777778,27.78333333,24.44444444,7.28,83.17142857,5
2011-w40,11.42,32.22222222,27.19444444,24.44444444,6.21,82.08571429,9
2011-w41,41.70142857,31.66666667,26.91111111,24.44444444,4.33,88.25714286,11
2011-w42,3.808571429,32.22222222,28.9,24.44444444,5.61,81.27142857,6
2011-w43,1.357142857,32.22222222,28.51666667,25,6.43,82.67142857,7
2011-w44,5.044285714,32.22222222,27.84444444,25.55555556,5.19,85.1,5
2011-w45,5.695714286,32.22222222,27.13333333,24.44444444,3.23,82.82857143,7
2011-w46,4.822857143,31.66666667,28.21111111,25,7.57,84.24285714,12
2011-w47,2.678571429,32.22222222,27.95555556,25,10.48,82.45714286,5
2011-w48,2.148571429,36.66666667,28.62222222,25.55555556,5.49,84.42857143,11
2011-w49,9.627142857,30.55555556,26.01666667,23.88888889,5.13,85.15714286,8
2011-w50,1.465714286,31.11111111,27.50555556,24.44444444,7.38,85.5,2
2011-w51,5.142857143,31.11111111,26.55555556,25.55555556,7.42,82.34285714,3
2011-w52,3.505714286,30,24.71666667,24.44444444,17.2,82.47142857,1
2012-w1,2.067142857,30,27.45,25,9.02,84.22857143,17
2012-w2,1.928571429,29.44444444,26.9,25,9.15,86.45714286,9
2012-w3,2.332857143,31.11111111,27.85555556,25,5.07,83.5,9
2012-w4,1.38,31.11111111,27.27222222,25,8.94,83.75714286,9
2012-w5,1.371428571,31.11111111,27.50555556,25,7.45,82.04285714,13
2012-w6,6.498571429,29.44444444,27.11111111,25,8.92,83.14285714,21
2012-w7,8.235714286,30.55555556,25.25555556,24.44444444,9.96,83.74285714,15
2012-w8,1.94,31.11111111,27.25555556,25,6.34,80.82857143,25
2012-w9,1.214285714,31.66666667,27.98888889,25,8.03,83.51428571,28
2012-w10,0.6628571429,31.11111111,27.92222222,25.55555556,8.67,81.8,25
2012-w11,1.015714286,31.66666667,27.93333333,25,9.41,80.17142857,20
2012-w12,11.94,32.22222222,27.12222222,23.88888889,7.89,86.88571429,22
2012-w13,5.685714286,31.11111111,27.15,24.44444444,8.32,87.1,17
2012-w14,0.9628571429,32.22222222,28.78888889,25.55555556,6.28,81.6,31
2012-w15,1.188571429,32.22222222,27.91111111,25.55555556,10.21,79.32857143,27
2012-w16,1.15,32.22222222,28.88888889,25.55555556,6.29,79.54285714,20
2012-w17,2.864285714,32.22222222,28.56111111,25,3.77,81.8,30
2012-w18,3.342857143,33.33333333,29.14444444,24.44444444,3.29,80.02857143,24
2012-w19,5.462857143,33.33333333,29.03333333,25.55555556,2.61,81.61428571,20
2012-w20,5.904285714,32.77777778,28.60555556,25,1.91,82.47142857,44
2012-w21,6.998571429,32.77777778,28.86111111,25.55555556,2.23,81.87142857,49
2012-w22,13.83428571,32.22222222,28,25,2.86,83.6,69
2012-w23,10.49142857,32.22222222,26.96111111,24.44444444,8.4,83.94285714,80
2012-w24,8.262857143,32.77777778,27.94444444,24.44444444,4.27,81.21428571,103
2012-w25,4.455714286,33.88888889,29.05,24.44444444,6.4,79.95714286,99
2012-w26,13.02857143,32.77777778,27.90555556,25,4.44,82.85714286,108
2012-w27,8.997142857,32.22222222,27.00555556,24.44444444,3.93,86.24285714,125
2012-w28,10.80285714,31.66666667,27.82777778,24.44444444,3.1,85.24285714,101
2012-w29,10.87285714,32.22222222,28.26111111,25,3.56,82.31428571,100
2012-w30,18.25857143,32.22222222,27.96666667,25.55555556,3.73,84.14285714,73
2012-w31,14.23571429,32.77777778,27.71111111,23.88888889,5.32,83.88571429,122
2012-w32,5.377142857,33.33333333,28.82777778,25.55555556,5.28,80.54285714,93
2012-w33,4.04,32.22222222,28.44444444,25,5.7,80.08571429,85
2012-w34,7.202857143,32.22222222,26.97777778,24.44444444,4.45,81.84285714,59
2012-w35,10.03571429,32.77777778,26.87777778,25.55555556,5.51,81.7,54
2012-w36,10.45714286,31.66666667,27.61666667,24.44444444,4.67,84.62857143,54
2012-w37,19.22857143,31.66666667,26.39444444,24.44444444,7.58,82.75714286,41
2012-w38,10.86571429,31.11111111,27.77222222,25,4.16,84.21428571,41
2012-w39,7.724285714,32.77777778,28.16111111,25,3.95,82.48571429,34
2012-w40,25.07857143,32.22222222,27.07777778,25,6.16,81.27142857,28
2012-w41,6.31,32.22222222,27.23333333,25,8.08,79.72857143,33
2012-w42,3.9,38.88888889,28.40555556,25,5.2,75.42857143,34
2012-w43,9.635714286,31.11111111,24.49444444,25,13.56,78.52857143,19
2012-w44,0.6857142857,32.22222222,28.60555556,25.55555556,6.74,81.17142857,32
2012-w45,1.081428571,32.22222222,28.25555556,25.55555556,7.2,83.02857143,34
2012-w46,3.912857143,31.66666667,27.76666667,25,8.82,86.14285714,27
2012-w47,1.754285714,31.11111111,27.44444444,25.55555556,7.47,82.82857143,24
2012-w48,0.1457142857,31.11111111,28.26666667,25.55555556,7.47,81.74285714,31
2012-w49,5.974285714,31.11111111,27.02777778,25,8.73,80.38571429,29
2012-w50,2.782857143,31.11111111,27.27777778,25,10.57,81.41428571,21
2012-w51,1.274285714,31.66666667,27.76666667,22.77777778,9.49,80.82857143,19
2012-w52,6.915714286,31.66666667,25.51666667,24.44444444,13.42,77.1,33
2013-w1,4.141428571,31.11111111,27.55555556,25.55555556,8.38,85.14285714,17
2013-w2,7.777142857,29.44444444,26.90555556,24.44444444,9.24,87.28571429,23
2013-w3,1.334285714,30.55555556,26.56111111,25,10.51,80.14285714,19
2013-w4,3.752857143,29.44444444,26.69444444,25,7.8,80.07142857,18
2013-w5,3.251428571,30,26.92777778,24.44444444,9.34,82.78571429,11
2013-w6,0.5557142857,30.55555556,26.68888889,25.55555556,8.08,81.2,17
2013-w7,0.5528571429,30.55555556,27.36111111,25,8.8,83.2,18
2013-w8,15.40142857,30.55555556,26.91666667,24.44444444,9.28,85.77142857,28
2013-w9,0.1,30,27.58333333,25.55555556,6.85,82.64285714,23
2013-w10,0.7214285714,30,26.89444444,24.44444444,9.21,83.67142857,9
2013-w11,0.1928571429,31.11111111,27.86666667,25.55555556,4.89,78.58571429,13
2013-w12,0.8742857143,31.66666667,27.49444444,25.55555556,10.06,77.88571429,11
2013-w13,0.8185714286,32.22222222,28.86666667,25.55555556,5.67,81.6,16
2013-w14,2.04,32.77777778,27.81111111,25.55555556,9.63,77.74285714,9
2013-w15,0.2428571429,32.22222222,29.17777778,26.66666667,5.39,78.01428571,7
2013-w16,2.732857143,32.77777778,29.1,20.55555556,3.25,77.71428571,13
2013-w17,1.684285714,32.77777778,28.42777778,25.55555556,5.3,74.78571429,9
2013-w18,0.28,33.88888889,29.72777778,25.55555556,3.74,75.21428571,18
2013-w19,6.821428571,32.77777778,28.58888889,26.11111111,5.29,81.38571429,14
2013-w20,4.017142857,32.77777778,27.83888889,25,3.88,77.17142857,17
2013-w21,2.024285714,32.77777778,29.26666667,25,3.53,78.18571429,13
2013-w22,4.428571429,33.33333333,29.22777778,25.55555556,4.94,78.35714286,24
2013-w23,13.76714286,32.77777778,28.73333333,25,4.16,82.38571429,32
2013-w24,18.14714286,32.77777778,27.77777778,25,4.17,83.21428571,48
2013-w25,7.455714286,32.22222222,27.76666667,25.55555556,5.24,84.08571429,52
2013-w26,10.08142857,32.22222222,28.04444444,23.88888889,4.68,84.38571429,58
2013-w27,4.708571429,31.66666667,27.57222222,23.33333333,4.08,85.94285714,60
2013-w28,7.52,32.22222222,28.27222222,25,4.12,81.44285714,69
2013-w29,13.08428571,31.66666667,27.93888889,25,3.94,83.92857143,82
2013-w30,16.8,31.66666667,26.67777778,25,4.18,83.12857143,69
2013-w31,18.77285714,32.22222222,27.36111111,25,6.06,83.51428571,63
2013-w32,14.48571429,31.66666667,27.48333333,25,6.41,85.54285714,57
2013-w33,6.922857143,32.22222222,28.25555556,25,4.78,80.17142857,67
2013-w34,18.06,32.22222222,27.81666667,25,5.07,81.77142857,38
2013-w35,1.221428571,32.77777778,27.73888889,24.44444444,3.99,82.7,31
2013-w36,8.314285714,32.77777778,28.48888889,25,4.42,80.58571429,33
2013-w37,9.63,31.66666667,27.43888889,24.44444444,3.92,85.48571429,32
2013-w38,15.75142857,32.77777778,27.57777778,25,4.75,82.92857143,28
2013-w39,8.354285714,32.22222222,27.64444444,25,3.02,83.47142857,30
2013-w40,6.601428571,32.77777778,28.13888889,25,5.04,80.85714286,34
2013-w41,6.261428571,32.77777778,28.01111111,23.88888889,5.15,80.7,29
2013-w42,3.587142857,31.66666667,27.66111111,25,4.42,81.01428571,14
2013-w43,2.474285714,31.66666667,28.49444444,24.44444444,6.48,79.15714286,18
2013-w44,2.695714286,31.66666667,27.89444444,25,7.37,77.65714286,13
2013-w45,16.76428571,35,27.35,26.11111111,14.53,81.67142857,8
2013-w46,2.111428571,38.88888889,28.33333333,26.11111111,7.83,80.32857143,16
2013-w47,9.121428571,31.11111111,25.4,25.55555556,11.02,78.2,10
2013-w48,1.228571429,37.22222222,27.35555556,25.55555556,10.82,80.91428571,9
2013-w49,3.062857143,31.66666667,28.02222222,25.55555556,9.49,81.81428571,6
2013-w50,1.258571429,32.22222222,27.73888889,26.11111111,9.32,80.37142857,4
2013-w51,2.498571429,32.22222222,28.14444444,25.55555556,5.8,82.54285714,11
2013-w52,1.304285714,31.11111111,27.77777778,25.55555556,6.37,87.22857143,10
2014-w1,0.8542857143,29.44444444,26.62777778,24.44444444,8.45,85.41428571,7
2014-w2,12.63,30,26.73888889,25,10.62,83.15714286,10
2014-w3,2.77,28.33333333,25.36666667,23.88888889,13.68,75.94285714,6
2014-w4,0,29.44444444,24.84444444,23.88888889,12.88,73.92857143,7
2014-w5,10.80857143,29.44444444,25.71666667,22.22222222,10.16,81.18571429,5
2014-w6,0.3342857143,30,26.61666667,22.77777778,3.1,83.64285714,7
2014-w7,0.05142857143,30.55555556,26.63888889,22.77777778,6.19,79.02857143,4
2014-w8,0.07857142857,30,25.61666667,23.88888889,10.75,76.94285714,10
2014-w9,0,30,26.80555556,23.33333333,7.43,74.71428571,6
2014-w10,0,30,27.56666667,25,5.79,76.01428571,2
2014-w11,14.13,31.11111111,27.14444444,25,8.96,81.54285714,9
2014-w12,1.76,31.66666667,27.77222222,25,8.91,81.21428571,1
2014-w13,0.09857142857,31.11111111,27.47777778,25,9.08,81.64285714,5
2014-w14,0,32.77777778,27.81666667,26.11111111,9.34,77.74285714,2
2014-w15,12.27857143,31.66666667,28.67777778,26.11111111,5.99,80.62857143,5
2014-w16,9.418571429,30.55555556,27.48888889,25,7.53,81.15714286,2
2014-w17,6.658571429,32.22222222,28.30555556,25.55555556,5.24,79.22857143,5
2014-w18,0.3342857143,32.77777778,28.68333333,23.33333333,8.81,76.38571429,9
2014-w19,1.93,33.88888889,29.87777778,26.66666667,5.79,77,6
2014-w20,2.288571429,33.88888889,30.01111111,25,5.48,75.94285714,10
2014-w21,3.827142857,33.88888889,29.98333333,25.55555556,6.13,77.77142857,4
2014-w22,5.415714286,33.33333333,29.48888889,26.11111111,3.75,78,6
2014-w23,5.908571429,33.33333333,29.78888889,26.11111111,3.07,80.97142857,7
2014-w24,11.97285714,32.77777778,28.15,25.55555556,6.03,81.52857143,14
2014-w25,10.95285714,32.77777778,28.18333333,23.88888889,2.92,83.31428571,21
2014-w26,14.90857143,32.77777778,27.94444444,25,3.61,80.9,56
2014-w27,21.02,32.77777778,27.28333333,25,5.72,81.55714286,28
2014-w28,15.96,32.77777778,28.21111111,25,4.46,83.3,35
2014-w29,18.32857143,32.22222222,27.55,24.44444444,5.39,84.24285714,44
2014-w30,13.21714286,32.22222222,27.59444444,25,4.55,83.82857143,45
2014-w31,8.64,31.11111111,27.90555556,25,4.49,80.84285714,47
2014-w32,0.42,32.77777778,29.12777778,25.55555556,3.9,76.58571429,51
2014-w33,11.76857143,32.77777778,27.88333333,25.55555556,7.77,81.65714286,43
2014-w34,7.96,31.66666667,27.69444444,25,3.55,86.5,52
2014-w35,10.09,32.22222222,27.40555556,23.88888889,3.4,83.47142857,42
2014-w36,21.60142857,31.66666667,26.45555556,24.44444444,5.68,85.68571429,36
2014-w37,14.82714286,32.22222222,27.64444444,24.44444444,3.04,83.27142857,24
2014-w38,11.28142857,32.22222222,27.58888889,23.88888889,6.43,82.41428571,26
2014-w39,3.361428571,32.22222222,28.5,25,3.82,80.91428571,18
2014-w40,10.43,32.22222222,28.37222222,25,3.77,81.14285714,9
2014-w41,21.38714286,31.66666667,26.57777778,24.44444444,4.04,86.17142857,13
2014-w42,5.838571429,32.22222222,27.86111111,25,5.84,84.68571429,8
2014-w43,1.368571429,31.66666667,28.09444444,25,3.13,81.81428571,3
2014-w44,1.141428571,32.77777778,28.73333333,25,6.52,79.32857143,2
2014-w45,0.03285714286,31.66666667,27.85555556,26.11111111,7.75,73.18571429,8
2014-w46,0.9542857143,32.22222222,27.86666667,26.11111111,10.36,81.87142857,5
2014-w47,0.4985714286,32.22222222,27.97777778,25.55555556,10.13,80.97142857,3
2014-w48,10.49714286,32.77777778,28.21111111,25.55555556,9.04,83.84285714,7
2014-w49,6.517142857,31.66666667,28.04444444,25,10.17,82.5,1
2014-w50,2.232857143,31.66666667,27.09444444,23.88888889,9.82,84.87142857,6
2014-w51,2.631428571,31.66666667,26.92777778,23.33333333,9.68,83.81428571,2
2014-w52,7.89,30.55555556,27.25555556,24.44444444,9.02,84.51428571,3
2015-w1,0.75,29.44444444,25.87777778,24.44444444,15.37,84.18571429,13
2015-w2,0.6628571429,29.44444444,25.78333333,24.44444444,11,82.25714286,5
2015-w3,1.39,29.44444444,26.09444444,16.11111111,12.13,82.65714286,0
2015-w4,2.738571429,30,25.65,22.77777778,8.49,81.75714286,5
2015-w5,0.4314285714,29.44444444,26.6,24.44444444,9.11,80.84285714,8
2015-w6,0.1171428571,29.44444444,26.52222222,24.44444444,12.47,81.85714286,5
2015-w7,0.65,30,26.21666667,24.44444444,8.86,82.07142857,6
2015-w8,0.1442857143,30.55555556,26.94444444,22.77777778,7.51,76.64285714,2
2015-w9,0.2414285714,30.55555556,26.75555556,15,7.45,81.07142857,3
2015-w10,0.01714285714,30,27.08888889,24.44444444,7.45,80.48571429,9
2015-w11,0.05857142857,30,25.68333333,23.33333333,12.96,75.15714286,8
2015-w12,0.1314285714,30,27.15555556,24.44444444,5.13,81.12857143,5
2015-w13,0.4285714286,32.22222222,28.18333333,25,7.95,80,2
2015-w14,0.1442857143,31.11111111,28.2,25.55555556,5.22,78.35714286,8
2015-w15,0.8642857143,31.66666667,28.31666667,23.88888889,7.72,79.01428571,5
2015-w16,0.4257142857,32.22222222,28.46111111,25,6.68,78.21428571,1
2015-w17,0.5285714286,32.22222222,29.17222222,26.66666667,6.34,78.6,3
2015-w18,4.121428571,33.33333333,29.21111111,25.55555556,6.44,78.15714286,6
2015-w19,0.2885714286,32.77777778,29.42222222,25.55555556,4.63,76.68571429,4
2015-w20,0.5357142857,32.77777778,28.78333333,26.11111111,5.36,76.31428571,11
2015-w21,2.105714286,33.33333333,29.61666667,25.55555556,3.84,76.67142857,5
2015-w22,1.432857143,34.44444444,30.35555556,26.11111111,3.7,74.21428571,4
2015-w23,3.26,34.44444444,30.06111111,25.55555556,4.84,77.58571429,5
2015-w24,7.091428571,33.33333333,29.50555556,26.11111111,2.84,80.48571429,7
2015-w25,13.26,32.22222222,27.54444444,25,2.97,80.94285714,7
2015-w26,13.66571429,32.22222222,28.46111111,24.44444444,2.57,80.35714286,13
2015-w27,27.32857143,32.22222222,27.02222222,25,3.4,81.55714286,16
2015-w28,9.03,33.33333333,28.03888889,25,8.66,82.94285714,12
2015-w29,2.004285714,32.77777778,27.85555556,25,5.63,78.88571429,30
2015-w30,5.761428571,32.77777778,27.51111111,24.44444444,6.09,79.58571429,16
2015-w31,9.114285714,32.22222222,28.21666667,23.33333333,2.47,81.52857143,16
2015-w32,14.23285714,32.22222222,27.65,25,5.25,84.47142857,16
2015-w33,5.995714286,32.22222222,28.41666667,25,3.3,80.94285714,12
2015-w34,6.282857143,32.77777778,28.16111111,25,4.16,83.37142857,7
2015-w35,7.655714286,32.22222222,28.56111111,24.44444444,4.49,80.05714286,15
2015-w36,9.517142857,32.77777778,28.96111111,25.55555556,3.02,82.87142857,19
2015-w37,13.01571429,32.77777778,28.27222222,25.55555556,3.08,82.74285714,15
2015-w38,8.49,32.22222222,28.07222222,25,3.28,80.27142857,24
2015-w39,11.75714286,32.22222222,27.52777778,25.55555556,2.96,80.6,20
2015-w40,4.832857143,32.77777778,27.69444444,24.44444444,3.23,86.07142857,27
2015-w41,2.088571429,32.22222222,27.98888889,24.44444444,2.7,80.35714286,20
2015-w42,5.451428571,32.77777778,28.62222222,25,3.93,78.42857143,14
2015-w43,1.328571429,56.11111111,28.11666667,25,3.65,80.31428571,13
2015-w44,1.472857143,32.77777778,28.88888889,25.55555556,6.02,82.31428571,18
2015-w45,2.727142857,32.77777778,27.33888889,25,7.7,80.67142857,14
2015-w46,0.5928571429,39.44444444,28.9,25.55555556,8.25,80,19
2015-w47,0.7085714286,33.33333333,28.88333333,25,9.21,81.18571429,19
2015-w48,0.6042857143,32.22222222,28.57222222,26.11111111,7.81,82,22
2015-w49,1.398571429,31.66666667,28.07222222,25.55555556,8.01,81.61428571,8
2015-w50,1.217142857,31.66666667,28.42222222,25.55555556,5.73,81.67142857,8
2015-w51,7.645714286,31.11111111,27.52777778,25,8.59,84.15714286,6
2015-w52,3.922857143,31.11111111,27.95,25.55555556,7.31,82.94285714,3
2016-w1,0.8636,32.77777778,28.1,25.55555556,4.87,81.67142857,19
2016-w2,0,31.66666667,28.31,25.55555556,5.52,81.68571429,23
2016-w3,0,31.11111111,28.033333,25,6.45,80.4,31
2016-w4,10.668,30.55555556,26.527778,23.88888889,9.39,85.98571429,26
2016-w5,143.764,30.55555556,27.44444,25,6.44,84.68,10
2016-w6,4.826,31.11111111,26.283333,24.44444444,8.48,83.51428571,11
2016-w7,3.556,30,26.983333,24.44444444,9.24,82.97142857,10
2016-w8,2.794,31.11111111,26.494444,25,7.08,82.08571429,18
2016-w9,1.6256,31.66666667,27.772222,25,6.65,83.17142857,12
2016-w10,0,32.22222222,28.544444,24.44444444,6.63,80.57142857,14
2016-w11,0,32.22222222,28.516667,25,5.22,79.4,11
2016-w12,0,32.77777778,28.05,25.55555556,5.09,76.08571429,8
2016-w13,0,32.77777778,29.261111,25,6.63,77.925,5
2016-w14,0,32.77777778,29.316667,26.11111111,8.2,77.88571429,13
2016-w15,0.1905,33.88888889,29.644444,26.11111111,4.93,79.04285714,7
2016-w16,0,33.33333333,30.705556,26.11111111,7.49,76.32857143,8
2016-w17,2.7432,33.88888889,29.8,26.11111111,5.31,76.18571429,8
2016-w18,0,33.88888889,30.172222,26.66666667,5.75,74.72857143,8
2016-w19,0,33.88888889,30.316667,26.66666667,6.52,75.22857143,6
2016-w20,1.23444,35.55555556,30.172222,25.55555556,4.84,77.45714286,13
2016-w21,9.906,33.33333333,28.811111,25.55555556,3.36,80.22857143,10
2016-w22,145.796,34.44444444,29.161111,25,2.67,79.54285714,9
2016-w23,148.844,33.33333333,29.038889,25,3.66,80.81428571,12
2016-w24,14.224,32.77777778,29.16667,25.55555556,3.12,79.78571429,7
2016-w25,7.366,32.77777778,28.327778,25.55555556,3.53,84.05714286,20
2016-w26,147.574,32.77777778,28.583333,25,2.93,82.25,12
2016-w27,8.89,32.22222222,28.227778,25,2.96,81.84285714,20
2016-w28,0.36322,33.33333333,28.955556,25,3.01,80.24285714,31
2016-w29,3.91922,32.77777778,28.255556,25.55555556,3.53,78.91428571,53
2016-w30,11.3284,33.33333333,28.766667,25,2.82,81.6,104
2016-w31,3.62966,32.22222222,28.005556,25,4.27,83.07142857,129
2016-w32,0.65278,32.77777778,28.361111,25,3.47,80.81428571,122
2016-w33,7.07644,33.33333333,29.05556,25.55555556,4.27,81.11428571,159
2016-w34,0.79756,32.77777778,28.44444,25,3.73,82.55,145
2016-w35,0.07366,32.77777778,28.744444,20,3.09,79.41428571,141
2016-w36,150.58644,32.22222222,28.138889,25,3.22,84.07142857,89
2016-w37,150.622,33.33333333,28.5277778,25,4.78,80,92
2016-w38,19.73834,32.22222222,28.811111,24.44444444,3.4,82.91428571,104
2016-w39,3.66522,32.77777778,28.061111,24.44444444,5.41,83.44285714,68
2016-w40,18.50644,33.33333333,28.122222,24.44444444,4.46,81.82857143,61
2016-w41,6.16966,31.66666667,27.911111,25,5.61,83.52857143,27
2016-w42,4.09956,32.77777778,28.38889,24.44444444,6.53,81.98571429,41
2016-w43,27.79522,32.22222222,28.377778,25,5.91,82.41428571,27
2016-w44,19.44878,31.11111111,27.405556,25,8,80.57142857,26
2016-w45,143.002,32.22222222,28.272222,25.55555556,8.31,81.21428571,19
2016-w46,1.81356,31.66666667,28.3,25.55555556,7.86,83.37142857,13
2016-w47,18.43278,32.22222222,27.7778,24.44444444,9.89,82.88181818,17
2016-w48,141.732,32.22222222,28.233333,12.22222222,8.48,80.67142857,14
2016-w49,15.16634,32.22222222,27.983333,25.55555556,5.87,84.41428571,13
2016-w50,160.274,31.11111111,27.355556,24.44444444,5.89,86.02857143,4
2016-w51,1.74244,30.55555556,27.8,25,7.66,82.05714286,10
2017-w1,142.85722,31.11111111,28.138889,25,9.59,84.34285714,1
2017-w2,9.61644,28.33333333,27.422222,24.44444444,8.86,84.52857143,7
2017-w3,20.64766,29.44444444,26.005556,24.44444444,10.38,89.57142857,13
2017-w4,143.256,30.55555556,26.261111,25,8.66,86.8375,9
2017-w5,1.48844,31.11111111,27.122222,25,8.22,83.71428571,7
2017-w6,0.79756,30,27.472222,25,10.15,84.7,8
2017-w7,2.286,30,27.033333,23.88888889,10.3,80.05714286,6
2017-w8,3.302,30.55555556,25.988889,25,7.86,82.18571429,6
2017-w9,0,31.11111111,27.2222,25,7.25,84.98571429,6
2017-w10,0.28956,30,27.55,25,6.79,83.58571429,4
2017-w11,142.494,31.11111111,27.38889,25,7.52,78.57142857,3
2017-w12,0.07366,32.77777778,27.627778,25,6.19,83.92857143,3
2017-w13,3.08356,32.22222222,28.305556,25.55555556,8.7,80.11428571,2
2017-w14,146.01444,32.22222222,28.455556,25,19.2,80.95714286,1
2017-w15,0,32.22222222,26.811111,25.55555556,6.29,80.7,3
2017-w16,145.32356,32.77777778,28.8611111,25,3.34,80.42857143,0
2017-w17,0,32.77777778,28.66667,25.55555556,3.95,80.93181818,2
2017-w18,6.27634,43.33333333,28.572222,25.55555556,3.55,75.4,4
2017-w19,2.35966,32.77777778,30.144444,25.55555556,5.61,76.78571429,2
2017-w20,7.07644,32.77777778,29.255556,25.55555556,3.86,79.61428571,0
2017-w21,11.71956,32.77777778,29.05,25.55555556,2.48,80.95714286,0
2017-w22,10.48766,33.88888889,28.566667,25.55555556,2.89,82.25714286,3
2017-w23,10.81278,32.77777778,29.194444,25,3.18,80.32857143,1
2017-w24,2.43078,33.88888889,27.905556,25.55555556,3.39,79.55714286,3
2017-w25,15.34922,33.33333333,29.755556,25,2.61,78.7625,2
2017-w26,15.85722,32.77777778,28.372222,25,3.25,82.07142857,3
2017-w27,10.74166,32.77777778,28.83333,25,2.54,80.85714286,4
2017-w28,10.44956,31.66666667,27.155556,25,2.32,81.61428571,7
2017-w29,19.88566,32.22222222,27.766667,24.44444444,4.94,84.2,10
2017-w30,0.58166,33.33333333,27.905556,25,3.32,83.51428571,13
2017-w31,0.65278,33.88888889,28.266667,25,3.65,82.15714286,17
2017-w32,10.95756,33.33333333,28.711111,25,2.98,80.28571429,24
2017-w33,1.16078,33.33333333,28.911111,25,3.73,80.7,24
2017-w34,151.13,32.22222222,28.85,25,3.28,80.7,26
2017-w35,6.71322,33.33333333,28.005556,25.55555556,3.87,82.5,28
2017-w36,7.07644,34.44444444,28.805556,25,2.7,80.75714286,18
2017-w37,155.702,32.77777778,29.216667,25,7.89,79.81428571,14
2017-w38,146.812,33.88888889,28.205556,25,3.54,84.45909091,15
2017-w39,132.588,33.33333333,27.977778,25,3.56,83.11428571,13
2017-w40,135.382,32.77777778,28.255556,25,2.61,82.11428571,10
2017-w41,144.018,32.77777778,28.461111,25.55555556,3.22,82.28571429,13
2017-w42,30.51556,32.77777778,28.116667,24.44444444,3.34,83.62857143,7
2017-w43,1.70434,32.22222222,27.33333,25.55555556,7.85,85.45714286,9
2017-w44,32.1818,32.22222222,27.266667,25,4.72,80.92857143,13
2017-w45,1.04648,32.77777778,28.216667,25.55555556,5.78,83.65714286,3
2017-w46,5.1562,32.77777778,28.405556,25,8.33,82.6,5
2017-w47,3.0226,32.77777778,28.44444,26.11111111,9.36,82.88571429,2
2017-w48,10.01522,32.77777778,29,26.11111111,8.6,80.88571429,0
2017-w49,4.318,32.77777778,28.783333,25.55555556,7.36,82.27142857,0
2017-w50,445.008,32.22222222,28.6166667,23.33333333,10.18,82.82857143,0
2017-w51,10.81278,31.11111111,26.683333,22.77777778,8.67,87.14285714,0
2017-w52,2.25044,32.22222222,27.272222,25.55555556,9.22,84.28571429,0
2018-w1,21.22678,31.11111111,26.661111,23.88888889,10.97,84.05714286,4
2018-w2,146.01444,31.11111111,27.45,24.44444444,10.02,87.55714286,11
2018-w3,9.21766,30.55555556,26.4,24.44444444,8.25,85.14285714,7
2018-w4,1.45034,31.11111111,27.9,25.55555556,9.13,87.17142857,10
2018-w5,1.30556,30.55555556,27.66667,25,6.66,83.18571429,9
2018-w6,1.30556,30,26.61111,22.77777778,8.24,83.34285714,5
2018-w7,14.91234,30.55555556,26.977778,23.88888889,7.58,81.20526316,4
2018-w8,4.42722,31.66666667,28.005556,25,8.28,85.7,4
2018-w9,1.016,32.22222222,28.35,25.55555556,8.27,82.31428571,10
2018-w10,0.21844,32.22222222,28.477778,25.55555556,8.83,82.45714286,8
2018-w11,2.794,32.22222222,27.694444,25,9.29,81.22857143,2
2018-w12,4.79044,32.22222222,28.177778,25,8.86,82.28571429,2
2018-w13,0,31.11111111,27.95,25.55555556,9.16,82.3,5
2018-w14,5.44322,32.22222222,28.422222,26.11111111,7.66,79.08571429,2
2018-w15,0.72644,32.22222222,29.22222,25.55555556,8.71,80.275,3
2018-w16,4.20878,32.77777778,29.233333,25.55555556,5.29,79.7,3
2018-w17,2.794,33.33333333,29.783333,26.66666667,5.54,78.78571429,5
2018-w18,14.33322,32.77777778,28.938889,24.44444444,3.97,77.41428571,4
2018-w19,0.94234,33.33333333,29.7,26.66666667,6.37,79.52857143,4
2018-w20,143.54556,33.33333333,29.794444,26.66666667,5.45,77.62857143,0
2018-w21,1.08966,39.44444444,30.011111,25.55555556,4.18,77.61428571,2
2018-w22,10.26922,33.88888889,29.35,25.55555556,5.52,76.52857143,3
2018-w23,12.15644,32.77777778,28.366667,24.44444444,6.06,79.74285714,5
2018-w24,8.23722,33.33333333,28.75,25.55555556,4.86,82,7
2018-w25,2.794,32.77777778,28.622222,24.44444444,4.18,80.51428571,7
2018-w26,8.41756,32.22222222,28.338889,25,4.18,80.92857143,14
2018-w27,5.08,32.77777778,28.3333,25,3.27,82.35714286,14
2018-w28,12.91844,32.22222222,27.672222,25,4.11,81.29090909,14
2018-w29,4.17322,32.77777778,27.55,25.55555556,5.82,83.9,31
2018-w30,4.79044,32.77777778,27.966667,25,2.83,80.48571429,40
2018-w31,9.57834,32.22222222,27.977778,25,3.68,83.21428571,39
2018-w32,7.51078,32.77777778,27.983333,25,3.68,83.77142857,40
2018-w33,1.12522,33.88888889,28.85,25,3.41,83.08571429,59
2018-w34,4.71678,32.77777778,27.75,25.55555556,3.93,79.68571429,49
2018-w35,37.88156,31.66666667,27.522222,24.44444444,3.2,78.64285714,58
2018-w36,1.16078,31.66666667,27.727778,25.55555556,5.54,83.825,42
2018-w37,1.524,32.22222222,28.027778,24.44444444,4.54,81.81428571,45
2018-w38,22.38756,32.77777778,27.955556,25,5.54,82.6,40
2018-w39,0,32.77777778,28.8111111,25,4.45,83.7,26
2018-w40,0.79756,33.33333333,28.505556,25,4.27,79.91428571,30
2018-w41,3.59156,32.77777778,29.461111,25.55555556,6.55,81.82857143,30
2018-w42,6.27634,33.33333333,28.7,24.44444444,4.99,78.78571429,34
2018-w43,0.94234,32.22222222,29.105556,26.11111111,9.41,80.62857143,14
2018-w44,0.94234,32.77777778,28.788889,25,7.33,78.77142857,14
2018-w45,144.23644,32.22222222,27.7778,26.11111111,10.29,79.87142857,20
2018-w46,6.78434,32.22222222,28.22222,25.55555556,8.72,79.8,18
2018-w47,8.67156,31.66666667,27.672222,25,6.89,81.48571429,13
2018-w48,1.59766,31.66666667,28.144444,18.88888889,8.36,83.41428571,10
2018-w49,142.96644,32.22222222,28.6,25.55555556,9.15,77.54090909,13
2018-w50,1.95834,32.22222222,28.161111,25.55555556,9.25,81.51428571,10
2018-w51,4.93522,30,27.05,25,7.42,83.1,15
2018-w52,1.16078,30.55555556,27.2,24.44444444,8.57,86.02857143,22
2019-w1,0.58166,31.11111111,26.7944444,25.55555556,8.93,86.14285714,20
2019-w2,0.65278,30.55555556,27.394444,24.44444444,9.97,81.81428571,22
2019-w3,0.94234,30.55555556,27.188889,24.44444444,9.16,82.15714286,48
2019-w4,1.08966,28.33333333,26.188889,24.44444444,11.34,83.72857143,41
2019-w5,0.21844,30,26.35,24.44444444,8.66,85.8625,45
2019-w6,0.07366,30.55555556,27.122222,25,6.7,81.77142857,49
2019-w7,3.66522,30.55555556,26.955556,24.44444444,7.97,80.91428571,48
2019-w8,0,30.55555556,27.322222,25,7,80.98571429,40
2019-w9,0,30,27.183333,24.44444444,6.13,78.51428571,36
2019-w10,0,31.11111111,27.922222,25,6.78,76.98571429,37
2019-w11,0,32.22222222,28.027778,23.33333333,5.5,75.61428571,26
2019-w12,142.71244,32.22222222,28.305556,25.55555556,7.29,75.12857143,25
2019-w13,2.794,31.66666667,28.294444,25,7.22,78.32857143,23
2019-w14,0,32.22222222,28.344444,24.44444444,6.81,77.38571429,21
2019-w15,148.26234,32.22222222,28.8889,26.11111111,6.98,75.18571429,10
2019-w16,142.71244,32.77777778,29.35,26.66666667,6.04,79.17142857,6
2019-w17,0,32.77777778,29.4444,26.66666667,6.99,78.11428571,8
2019-w18,0,33.88888889,29.866667,26.11111111,4.99,81.55909091,17
2019-w19,0.07366,33.88888889,28.5,25.55555556,4.19,76.41428571,16
2019-w20,1.85166,34.44444444,30.377778,25.55555556,3.78,76.92857143,15
2019-w21,0.94234,35,29.88889,26.66666667,3.27,75.61428571,12
2019-w22,0.508,58.33333333,30.727778,25.55555556,5.79,77.24285714,16
2019-w23,1.778,34.44444444,30.127778,26.11111111,6.23,74.7,8
2019-w24,148.87956,33.88888889,28.9,25.55555556,3.7,76.45714286,18
2019-w25,143.51,33.88888889,29.516667,25.55555556,4.09,81.14285714,24
2019-w26,6.858,32.22222222,28.933333,25.55555556,4.52,79.5375,45
2019-w27,6.858,32.22222222,27.955556,24.44444444,4.29,79.84285714,75
2019-w28,21.59,34.44444444,28.422222,23.33333333,3.4,82.91428571,110
2019-w29,9.398,33.33333333,28.372222,23.88888889,6.25,81.85714286,164
2019-w30,26.924,31.66666667,28.144444,25,2.82,78.94285714,311
2019-w31,159.766,32.22222222,27.33333,24.44444444,2.86,81.37142857,286
2019-w32,146.558,32.77777778,27.705556,24.44444444,6.83,85.22857143,319
2019-w33,4.826,34.44444444,27.533333,25,6.42,83.51428571,278
2019-w34,149.86,32.77777778,27.416667,25,3.45,78.58571429,193
2019-w35,147.828,31.66666667,27.455556,25,4.11,84.07142857,189
2019-w36,145.542,33.33333333,28.383333,25,3.18,84.35714286,142
2019-w37,2.286,33.88888889,28.38889,25,5.35,82.2,121
2019-w38,0.254,32.77777778,28.466667,25,3.79,81.84285714,96
2019-w39,2.794,33.33333333,29.422222,26.11111111,4.58,80.87272727,69
2019-w40,5.08,32.77777778,28.472222,25,3.83,78.48571429,62
2019-w41,8.128,32.77777778,28.561111,16.11111111,5.37,79.64285714,48
2019-w42,6.604,32.77777778,28.861111,25,5.7,79.25714286,57
2019-w43,24.638,32.77777778,28.61111,25,4.61,79.9,40
2019-w44,30.48,31.66666667,27.766667,25,4.3,82.58571429,27
2019-w45,8.89,32.77777778,28.316667,24.44444444,5,84.64285714,37
2019-w46,20.066,32.22222222,27.61111,25,6.87,80.21428571,34
2019-w47,4.064,32.77777778,28.455556,25.55555556,3.2,84.2375,9
2019-w48,4.064,32.22222222,28.372222,25.55555556,9.09,82.98571429,11
2019-w49,6.35,31.11111111,27.661111,25,7.34,81.32857143,11
2019-w50,2.032,32.22222222,28.033333,25,10.53,83.58571429,17
2019-w51,1.016,32.77777778,27.977778,25.55555556,9.02,82.52857143,14
2019-w52,168.91,31.66666667,27.3222222,23.88888889,8.48,82.55714286,6
2019-w53,3.048,30,27.6222222,25,8.41,84.81428571,0
2020-w1,0.762,31.11111111,27.227778,25.55555556,6.84,83.58571429,9
2020-w2,4.826,30.55555556,27.7,23.33333333,8.78,83.62857143,15
2020-w3,0.762,31.66666667,26.994444,24.44444444,5.8,79.2,17
2020-w4,1.778,30,27.8055556,24.44444444,8.93,79.62857,14
2020-w5,1.016,30,26.761111,24.44444444,9.13,79.45714,12
2020-w6,5.588,31.66666667,26.816667,23.33333333,10.22,79.88571,22
2020-w7,2.032,31.11111111,26.1555556,23.33333333,8.79,87.4,10
2020-w8,1.016,31.11111111,27.322222,25.55555556,7.56,80.87143,14
2020-w9,0,32.22222222,27.627778,25.55555556,5.44,81.81429,14
2020-w10,0,32.77777778,28.4055556,25.55555556,7.02,78.95714,12
2020-w11,0,32.77777778,28.5944444,26.11111111,8.14,78.78571,10
2020-w12,2.032,32.22222222,28.811111,25.55555556,7.89,79.21429,11
2020-w13,0,32.77777778,28.916667,25.55555556,6.04,79.24286,5
2020-w14,0,33.33333333,29.138889,26.11111111,6.04,78.35714,0
2020-w15,0.762,33.88888889,29.672222,26.66666667,8.3,77.27143,1
2020-w16,0,33.33333333,28.794444,27.22222222,7.79,75.84286,1
2020-w17,0.254,34.44444444,29.783333,27.22222222,5.12,77.54286,2
2020-w18,2.286,33.88888889,30.227778,26.11111111,5.19,75.92857,0
2020-w19,3.048,34.44444444,29.95,26.11111111,3.99,77.57143,1
2020-w20,93.218,35,30.005556,25,3.67,77.78571,0
2020-w21,4.064,33.33333333,29.688889,26.11111111,3.69,78.08571,1
2020-w22,13.716,32.77777778,29.838889,25,3.81,78.62857,3
2020-w23,19.812,32.77777778,28.227778,25,3.7,84.17143,3
2020-w24,4.318,32.77777778,28.5222222,25.55555556,3.15,81.91429,2
2020-w25,7.366,33.88888889,29.155556,16.11111111,3.28,78.67143,4
2020-w26,4.572,32.77777778,28.2666667,25,4.27,81.92857,2
2020-w27,21.59,33.33333333,29.405556,25,4.95,80.28571,7
2020-w28,10.16,32.77777778,29.138889,25,3.85,80.92857,5
2020-w29,14.478,32.77777778,28.694444,25.55555556,5.23,82.82857,4
2020-w30,18.796,32.77777778,28.25,25,5.14,83.75714,9
2020-w31,16.002,32.77777778,27.622222,25,5.79,81.48571,6
2020-w32,2.54,33.33333333,27.7,25,3.48,80.88571,5
2020-w33,0,35,28.316667,25.55555556,3.87,82.21429,8
2020-w34,1.778,34.44444444,29.488889,25.55555556,3.94,77.77143,3
2020-w35,5.08,33.88888889,29.216667,25.55555556,3.84,79.12857,2
2020-w36,7.62,33.33333333,29.188889,25,5.32,80.67143,3
2020-w37,22.098,33.33333333,28.2166667,25,3.99,83.22857,3
2020-w38,1.778,32.77777778,28.35,26.11111111,3.82,83.32857,1
2020-w39,10.414,33.33333333,29.1,25,3.77,80.85714,0
2020-w40,27.686,31.66666667,27.877778,25,4.49,85.58571,0
2020-w41,15.24,32.77777778,27.66667,25.55555556,5.49,84.21429,1
2020-w42,19.812,32.77777778,27.55556,24.44444444,7.69,81.9,2
2020-w43,9.652,32.77777778,26.95,25,4.76,81.74286,0
2020-w44,7.874,32.22222222,27.594444,25,5.79,86.15714,1
2020-w45,4.064,32.22222222,27.694444,26.11111111,9.11,82.14286,2
2020-w46,2.794,32.22222222,27.9111111,25.55555556,9.34,83.01429,3
2020-w47,9.652,31.66666667,28.25,25.55555556,7.17,83.05714,8
2020-w48,153.67,31.11111111,27.83333,25.55555556,5.31,85.1,1
2020-w49,10.414,31.66666667,27.283333,25.55555556,9.91,82.58571,0
2020-w50,2.54,31.66666667,28.077778,26.11111111,8.28,84.75714,3
2020-w51,12.954,31.66666667,28.316667,25.55555556,7.59,85.18571,5
2020-w52,2.794,30.55555556,27.877778,25.55555556,10.74,85.98571,7
2020-w53,0,31.66666667,27.65,25.55555556,7.59,81.95714,1
2021-w1,3.048,30.55555556,27.65,25.55555556,10.74,85.41428571,20
2021-w2,3.048,30,26.616667,23.88888889,11.91,87.57142857,5
2021-w3,9.144,31.11111111,27.033333,24.44444444,6.32,87.17142857,3
2021-w4,1.27,30.55555556,27.294444,25,9.43,84.24285714,6
2021-w5,0,30,26.505556,24.44444444,10.55,85.94285714,8
2021-w6,0,30.55555556,26.805556,24.44444444,5.7,87.85714286,8
2021-w7,9.144,30,26.927778,25,9.36,85.55714286,6
2021-w8,1.27,31.66666667,27.5,24.44444444,6.15,81.44285714,5
2021-w9,6.858,31.66666667,28.38889,26.11111111,7.59,82.74285714,8
2021-w10,9.906,31.66666667,27.261111,25,9.86,83.14285714,4
2021-w11,5.08,31.66666667,28.405556,25,5.21,84.94285714,6
2021-w12,1.016,32.22222222,28.61111,25.55555556,7.95,81.45714286,2
2021-w13,0,31.66666667,28.872222,26.66666667,6.38,81.34285714,3
2021-w14,4.572,31.66666667,28.822222,26.11111111,6.27,78.65714286,3
2021-w15,11.938,31.66666667,28.855556,26.11111111,7.84,81.98571429,7
2021-w16,1.778,32.22222222,28.433333,25,6.47,82.07142857,0
2021-w17,2.032,32.22222222,28.933333,25.55555556,5.56,79.04285714,4
2021-w18,1.778,32.77777778,29.466667,26.66666667,9.81,79.14285714,4
2021-w19,1.524,32.77777778,29.155556,25.55555556,7.11,80.28571429,2
2021-w20,3.556,32.22222222,28.711111,25.55555556,5.72,82.35714286,3
2021-w21,0,32.77777778,29.533333,26.11111111,3.59,78.97142857,4
2021-w22,0,33.33333333,28.561111,23.88888889,5.23,82.97142857,1
2021-w23,13.462,32.22222222,27.916667,25,2.91,83.14285714,8
2021-w24,8.128,33.33333333,29.16667,25,3.16,81.51428571,2
2021-w25,12.954,32.77777778,28.788889,25,3.48,81.07142857,18
2021-w26,14.986,32.77777778,28.733333,25,3.71,80.42857143,22
2021-w27,4.572,32.22222222,28.433333,25,4.73,83.48571429,22
2021-w28,0,32.77777778,28.716667,25.55555556,4.42,80.75714286,17
2021-w29,6.858,33.33333333,28.8,25,6.57,80.35714286,17
2021-w30,5.08,33.33333333,29.605556,25,6.57,79.14285714,20
2021-w31,7.874,33.88888889,29.538889,26.11111111,5.36,79.08571429,15
2021-w32,0.762,33.88888889,28.466667,25.55555556,5.63,82.15714286,14
2021-w33,18.796,32.77777778,29.177778,25,3.23,80.65714286,12
2021-w34,7.62,32.77777778,27.88889,25.55555556,3.82,82.07142857,3
2021-w35,21.59,32.22222222,28.194444,32.22222222,4.2,83.58571429,6
2021-w36,16.764,33.33333333,27.411111,25,3.18,84.55714286,3
2021-w37,7.112,32.22222222,28.394444,24.44444444,4.86,82.22857143,5
2021-w38,3.556,32.77777778,27.872222,24.44444444,3.81,85.78571429,3
2021-w39,10.414,32.77777778,28.95,25,3.88,81.05714286,7
2021-w40,7.366,32.77777778,28.094444,25.55555556,2.89,83.25714286,4
2021-w41,5.334,32.22222222,28.194444,25,4.98,82.58571429,5
2021-w42,1.524,33.33333333,28.561111,25.55555556,4.27,83.65714286,3
2021-w43,16.256,32.22222222,28.077778,25,6.28,84.34285714,3
2021-w44,6.096,32.22222222,28.361111,25.55555556,6.63,82.84285714,2
2021-w45,9.144,32.77777778,28.838889,26.66666667,8.41,82.97142857,2
2021-w46,3.048,32.22222222,28.683333,26.11111111,6.36,83.01428571,5
2021-w47,9.906,32.22222222,29,26.11111111,7.13,83.38571429,1
2021-w48,9.906,32.22222222,28.472222,26.11111111,8.15,81.95714286,3
2021-w49,3.81,30.55555556,27.544444,25.55555556,10.22,79.78571429,2
2021-w50,5.588,30.55555556,27.272222,24.44444444,11.18,82.32857143,1
2021-w51,0,31.11111111,28.283333,26.11111111,5.45,82.91428571,1
2021-w52,7.366,28.88888889,26.727778,23.88888889,10.87,81.78571429,0
2022-w1,0,30,27.238889,25,6.4,77.3,2
2022-w2,2.032,30.55555556,27.133333,24.44444444,6.94,82.22857,3
2022-w3,14.986,30.55555556,27.7666667,25.55555556,7.62,84.52857,3
2022-w4,0.254,30,27.016667,24.44444444,6.92,83.87143,3
2022-w5,0,30,26.8833333,26.11111111,8.5,83.85714,1
2022-w6,3.048,29.44444444,27.27778,25.55555556,6.83,81.25714,1
2022-w7,0.762,31.11111111,27.16667,24.44444444,6.37,81.68571,1
2022-w8,2.286,30,27.527778,26.11111111,9.12,81.82857,1
2022-w9,4.318,30.55555556,27.061111,25.55555556,7.45,84.62857,1
2022-w10,2.286,31.66666667,28.577778,26.66666667,5.58,80.74286,2
2022-w11,0.762,32.22222222,28.694444,26.11111111,6.19,79.55714,2
2022-w12,4.318,32.22222222,28.83333,25.55555556,7.77,78.77143,4
2022-w13,42.418,29.44444444,27.65,25,7.79,84.14286,6
2022-w14,1.016,31.66666667,26.355556,23.33333333,5.72,85.48571,0
2022-w15,3.81,-14.6,29.083333,26.66666667,6.48,76.95714,3
2022-w16,0,32.77777778,28.877778,25,6.08,79.68571,9
2022-w17,3.048,32.77777778,29.583333,27.22222222,6.46,75.52857,12
2022-w18,12.192,32.77777778,27.211111,26.66666667,5.54,77.41429,17
2022-w19,13.462,32.77777778,27.916667,24.44444444,3.65,82.18571,9
2022-w20,7.112,33.33333333,28.8889,25,3.57,78.34286,19
2022-w21,5.588,33.33333333,28.622222,24.44444444,3.95,79.87143,30
2022-w22,11.938,33.33333333,28.633333,25.55555556,4.25,80.6,15
2022-w23,10.922,32.77777778,29.205556,25,2.57,76.58571,20
2022-w24,10.922,32.77777778,28.372222,25,3.31,80.58571,36
2022-w25,7.874,32.77777778,28.25,25.55555556,4.4,80.8,69
2022-w26,5.08,32.77777778,28.494444,25.55555556,2.93,81.32857,87
2022-w27,11.43,32.77777778,28.644444,25.55555556,3.88,81.41429,91
2022-w28,8.89,33.33333333,28.633333,25,3.5,81.28571,95
2022-w29,24.892,32.77777778,28.216667,24.44444444,3.62,82.32857,109
2022-w30,3.302,38.33333333,28,24.44444444,2.83,82.25714,139
2022-w31,8.636,32.77777778,28.072222,25,2.57,80.81429,27
2022-w32,1.524,32.77777778,28.083333,25.55555556,3.51,79.01429,29
2022-w33,6.604,32.22222222,28.238889,25,4.62,80.82857,29
2022-w34,5.588,33.33333333,28.772222,25.55555556,3.83,80.21429,28
2022-w35,2.54,31.66666667,27.977778,26.11111111,2.77,82.7,26
2022-w36,0.762,32.77777778,28.4,25.55555556,3.73,79.42857,20
2022-w37,7.112,31.66666667,28.077778,25,3.89,81.71429,21
2022-w38,4.318,31.66666667,27.95,25,5.51,81.91429,18
2022-w39,0,32.22222222,28.755556,25.55555556,5.61,83.2,7
2022-w40,2.794,32.22222222,28.783333,25.55555556,4.24,80.51429,9
2022-w41,46.99,32.22222222,27.627778,25,3.52,86.75714,9
2022-w42,5.334,31.66666667,27.972222,24.44444444,8.83,86.64286,10
2022-w43,1.778,32.22222222,28.161111,25,6.95,83.14286,10
2022-w44,10.922,31.66666667,28.85,25.55555556,6.41,83.08571,7
2022-w45,12.446,31.66666667,28.272222,25.55555556,6.05,85.07143,10
2022-w46,1.778,31.66666667,28.744444,25,5.08,82.72857,18
2022-w47,4.572,31.66666667,28.411111,25.55555556,8.89,82.25714,12
2022-w48,2.794,31.66666667,28.216667,25.55555556,6.36,83.38571,6
2022-w49,8.89,30.55555556,28.077778,25,5.35,85.25714,7
2022-w50,4.064,30,27.088889,25,11.02,86.37143,4
2022-w51,12.446,30.55555556,26.688889,24.44444444,9.44,83.87143,18
2022-w52,5.842,31.11111111,27.533333,25.55555556,7.8,85.38571,8
2023-w1,5.842,27.77777778,25.9777778,24.44444444,8.13,86.52857,19
2023-w2,11.938,29.44444444,26.77778,25.55555556,5.7,87.18571,12
2023-w3,3.048,29.44444444,26.588889,24.44444444,9.57,86,17
2023-w4,9.652,30.55555556,26.744444,24.44444444,10.55,87.88571,19
2023-w5,2.286,30,26.655556,25,7.71,86.92857,21
2023-w6,1.778,29.44444444,26.311111,24.44444444,9.92,85.17143,11
2023-w7,17.526,30.55555556,27.2222,25.55555556,8.31,83.48571,11
2023-w8,6.096,27.22222222,25.727778,23.88888889,9.38,87.11429,6
2023-w9,0.254,30,26.877778,25.55555556,8.57,80.15714,8
2023-w10,5.08,30.55555556,27.538889,25.55555556,6.43,77.85714,15
2023-w11,0,32.22222222,28.3055556,25.55555556,6.51,80.22857,11
2023-w12,0,32.77777778,29.383333,27.22222222,5.5,78.24286,12
2023-w13,0,32.77777778,29.244444,27.22222222,5.32,76.1,11
2023-w14,3.556,32.77777778,28.705556,25,5.79,78.42857,11
2023-w15,0,33.33333333,30,26.11111111,4.82,78.48571,15
2023-w16,1.27,33.33333333,30.172222,26.11111111,6.69,77.7,17
2023-w17,14.986,33.33333333,29,25,6.25,81.8,15
2023-w18,7.112,32.77777778,30.1,26.66666667,4.11,78.52857,6
2023-w19,0,33.88888889,29.972222,26.66666667,4.11,79.22857,17
2023-w20,2.54,33.88888889,29.227778,26.11111111,4.07,79.7,12
2023-w21,1.778,32.77777778,28.394444,25,5.39,82.3,27
2023-w22,4.826,33.33333333,28.95,26.11111111,3.89,81.71429,20
2023-w23,4.318,33.33333333,29.166667,26.11111111,4.18,80.11429,12
2023-w24,4.826,32.77777778,29.466667,26.66666667,3.11,80.42857,37
2023-w25,4.318,32.77777778,28.422222,25.55555556,3.62,81.41429,30
2023-w26,6.858,33.33333333,29.38889,25.55555556,4.15,79.55714,54
2023-w27,9.398,32.77777778,28.494444,25,3.95,84.1,45
2023-w28,6.35,32.77777778,28.4,25.55555556,3.96,82.22857,47
2023-w29,1.778,32.77777778,28.3444444,25,5.46,81.81429,28
2023-w30,4.826,33.88888889,29.427778,25.55555556,5.16,74.98571,40
2023-w31,0,35,29.527778,25.55555556,4.25,75.54286,41
2023-w32,0.254,33.88888889,28.55,25.55555556,4.5,78.45714,42
2023-w33,0,33.88888889,29.161111,26.11111111,4.3,78.21429,22
2023-w34,7.366,33.88888889,28.394444,23.88888889,5.17,81.54286,31
2023-w35,4.064,33.88888889,29.27778,25.55555556,4.56,81.62857,35
2023-w36,11.176,32.77777778,28.594444,25,4.09,82.62857,22
2023-w37,27.432,32.22222222,28.494444,25,3.41,86.18571,27
2023-w38,0.762,32.77777778,28.883333,25.55555556,4.36,83.75714,44
2023-w39,3.048,33.33333333,29.205556,25.55555556,3.72,81.65714,42
2023-w40,20.32,33.33333333,28.9222222,25,4.26,84.75714,52
2023-w41,13.462,32.77777778,29.288889,25.55555556,4.87,81.1,33
2023-w42,9.144,32.77777778,29.483333,25,4.7,81.04286,34
2023-w43,6.35,32.77777778,29.505556,26.11111111,5.31,83.17143,36
2023-w44,6.35,32.77777778,29.672222,27.22222222,6.22,82.1,40
2023-w45,2.794,32.77777778,28.938889,26.11111111,8.86,83.78571,38
2023-w46,8.89,31.66666667,27.961111,25.55555556,8.12,85.62857,31
2023-w47,3.048,31.11111111,28.822222,27.22222222,8.38,85.18571,31
2023-w48,0,31.66666667,28.933333,26.66666667,6.31,81.95714,32
2023-w49,5.08,31.66666667,28.972222,26.66666667,7.02,82.58571,21
2023-w50,3.302,31.66666667,28.372222,25,7.9,83.51429,14
2023-w51,3.302,31.11111111,28.677778,26.66666667,8.21,83.51429,16
2024-w1,1.524,31.66666667,28.644444,26.66666667,7.31,83.38571,17
2024-w2,2.286,31.66666667,27.977778,25,8.41,82.34286,18
2024-w3,1.016,30.55555556,27.627778,25,8.89,78.01429,22
2024-w4,1.778,30.55555556,27.033333,23.88888889,9.27,81.27143,18
2024-w5,2.54,30.55555556,26.561111,22.77777778,7.22,84.65714,14
2024-w6,0.254,31.11111111,27.472222,25.55555556,6.25,84.18571,13
2024-w7,2.032,30.55555556,27.077778,23.88888889,8.56,85.02857,14
2024-w8,0.254,30.55555556,27.894444,26.11111111,6.78,80.71429,20
2024-w9,0.508,31.11111111,27.811111,25.55555556,7.63,78.8,11
2024-w10,0,31.66666667,28.2833333,25,6.61,80.34286,15
2024-w11,0,31.66666667,28.544444,26.11111111,7.22,78.41429,8
2024-w12,0,31.11111111,28.594444,26.11111111,7.25,78.25714,11
2024-w13,2.032,32.77777778,29.055556,25.55555556,6.84,80.58571,9
2024-w14,0,32.77777778,29.544444,26.66666667,7.73,78.75714,8
2024-w15,0,32.77777778,29.694444,27.22222222,7.04,79.11429,3
2024-w16,0,32.77777778,30.083333,27.77777778,6.9,76.82857,9
2024-w17,0,33.88888889,30.377778,27.22222222,6.93,78.28571,3
2024-w18,0,33.88888889,30.822222,27.77777778,7.27,74.22857,6
2024-w19,0.254,34.44444444,30.733333,28.33333333,6.52,77.02857,7
2024-w20,4.318,33.88888889,30.916667,27.77777778,5.86,77.98571,4
2024-w21,1.778,34.44444444,30.538889,26.11111111,5.43,79.32857,6
2024-w22,3.048,33.33333333,29.95,26.66666667,5.04,79.4,1
2024-w23,2.794,33.88888889,29.583333,25.55555556,3.66,82.44286,7
2024-w24,5.334,33.88888889,29.761111,25.55555556,3.7,81.41429,4
2024-w25,8.382,32.77777778,28.877778,25,3.92,82.65714,4
2024-w26,16.002,32.77777778,29.572222,26.11111111,5.97,82.31429,14
2024-w27,18.288,33.33333333,28.7055556,24.44444444,4.58,85.65714,28
2024-w28,31.496,32.22222222,28.416667,25,4.15,86.51429,40
2024-w29,4.826,32.22222222,27.35,24.44444444,4.45,87.12857,73
2024-w30,15.24,32.77777778,28.505556,24.44444444,5.09,84.44286,84
2024-w31,3.302,32.77777778,28.694444,25,4.06,82.1,181
2024-w32,0.762,32.77777778,28.116667,25,4.39,84.92857,226
2024-w33,17.78,33.33333333,29.288889,25.55555556,4.16,85.48571,205
2024-w34,3.048,33.33333333,29.355556,25,3.99,82.41429,209
2024-w35,11.43,32.77777778,28.305556,25.55555556,4.34,83.22857,162
2024-w36,9.906,33.88888889,28.383333,24.44444444,5.72,80.24286,103
2024-w37,9.906,33.33333333,28.22,25,5.31,81.74285714,121
2024-w38,7.366,32.77777778,27.4222222,25,5.42,82.34285714,91
2024-w39,1.524,32.77777778,29.5333333,25.55555556,4.88,87.77142857,104
2024-w40,1.016,33.33333333,28.866667,25.55555556,5.1,83.22857143,104
2024-w41,9.652,32.77777778,28.5611111,25,4.26,82.38571429,68
2024-w42,25.4,33.33333333,29.083333,25,4.91,84.32857143,55
2024-w43,20.574,31.66666667,27.455556,23.88888889,7.18,84.01428571,33
2024-w44,2.54,32.22222222,28.294444,25.55555556,4.71,85.78571429,25